mode,time,alt,speed,hdot,range,lat,long,pitch,roll,tgt_range,range_err,az_err,roll_ref,
1,63353.426598398,121.492570010895,7943.17731106816,-140.442471395237,7437.31643284366,55.0351173641795,9.15348908286624,8.89759465437105,-8.36773817244634,7437.31643284366,-1014.63208642351,-43.4220861668866,0,
1,63356.9865983974,120.994087247277,7943.50754613761,-140.421415257811,8929.45513605371,55.2534039075704,8.94196018505371,30.5798040896156,-1.39682591914139,8929.45513605371,-2762.98097367974,-10.8354279965708,0,
1,63360.5865983968,120.488765451281,7943.9279165579,-140.412782062839,8900.83966338403,55.473845022441,8.72582069812076,31.8411238401974,1.43361704587309,8900.83966338403,-42.9003450526779,-10.8699061093302,0,
1,63364.1665983963,119.985849892961,7944.3995826587,-140.522873443352,8874.82506591585,55.6927614951414,8.50861015282239,30.9973084450558,0.843106121963489,8874.82506591585,-43.4057480804058,-10.9013661198916,0,
1,63367.7865983957,119.476909629811,7944.87667879929,-140.616156309389,8846.20841393706,55.9138166733979,8.28663381732511,30.3801429851921,-9.0344510260806,8846.20841393706,-41.9001040317344,-10.9374436428202,0,
1,63371.3465983951,118.975967400037,7945.33841092325,-140.736375557152,8820.19276787891,56.1308977191312,8.06599604684633,30.1029708940859,-21.2187079599125,8820.19276787891,-41.966444093785,-10.9693154856427,0,
1,63374.9465983945,118.468983994374,7945.80260973525,-140.802468982708,8791.5749402392,56.3500965801333,7.84047041662875,30.0125184932368,-30.9394025835681,8791.5749402392,-41.9919269536094,-11.004989933832,0,
1,63378.406598394,117.98133043185,7946.25156201543,-140.920177021596,8765.5582650125,56.560460427269,7.62139336368166,29.9957777540466,-40.620796000187,8765.5582650125,7.90141558079995,-11.0372337935005,55.1323756361003,
1,63381.8465983934,117.496137447759,7946.69044254401,-140.972415099969,8739.54115985059,56.7693000674638,7.40128609371543,29.9668171515831,-51.5394227134034,8739.54115985059,12.5799843127043,-11.0703851171082,55.3105354900534,
1,63385.2065983929,117.021896932997,7947.1446623368,-141.263522898494,8713.52362463222,56.9729787446743,7.18404413399621,29.9718506923646,-57.9954036978961,8713.52362463222,60.8439713350144,-11.102481368187,56.183770017899,
1,63388.5065983924,116.555845325293,7947.57780071903,-141.298621404858,8687.50559483337,57.1727212680332,6.9684738207604,29.9589921870693,-51.2375795405195,8687.50559483337,99.4784257751962,-11.136048330323,57.5940290944091,
1,63391.7065983919,116.10362951737,7948.00638055752,-141.294923475913,8664.08913263081,57.3661255695701,6.75732217830154,29.9303973827865,-56.3317803602837,8664.08913263081,190.727423147999,-11.1671309106941,60.3069859860065,
1,63395.2465983913,115.603072906557,7948.47952960947,-141.421103852026,8635.4686167386,57.579742239507,6.52126009215911,29.935705505947,-59.4275282841391,8635.4686167386,0.925014452521282,-11.2040504813288,60.2390544800779,
1,63398.6065983908,115.127685705365,7948.92429877906,-141.601976681585,8609.44963382951,57.7821624657791,6.29475335772494,29.9971838786361,-59.1258464094294,8609.44963382951,63.7636395477675,-11.2377928537285,61.159798391383,
1,63402.1065983902,114.632205227409,7949.36910608041,-141.601158140637,8583.43039944792,57.9926627604373,6.05622843959542,29.9511563702375,-56.2924165783496,8583.43039944792,-75.9381475177179,-11.2727210344219,60.0367921316687,
1,63405.4265983897,114.161943865236,7949.79267650379,-141.684849406569,8557.41101043969,58.1919968388834,5.82749660160415,29.9234055359057,-56.4640711738932,8557.41101043969,93.114035666651,-11.3075560699844,61.4163102701686,
1,63408.9265983891,113.66592195574,7950.23181453814,-141.760243428936,8531.39149468097,58.401770840296,5.58370702797068,30.0122527690627,-56.4444227648839,8531.39149468097,-51.9807004023587,-11.3426572101958,60.6260396300131,
1,63412.2465983886,113.195168909693,7950.64551253997,-141.828858930393,8505.37190451003,58.6004003182481,5.34989022031393,30.0475956568649,-56.4236487945891,8505.37190451003,42.2681720056789,-11.3780342718665,61.2601213760071,
1,63415.766598388,112.695812800596,7951.08152201172,-141.898568527735,8479.35228079382,58.8106082805879,5.0992109414338,30.0500742597494,-56.4180327927428,8479.35228079382,-28.7777421726587,-11.4137017488261,60.8267847366515,
1,63419.1865983875,112.210413551503,7951.50146725986,-141.963183508089,8453.33267223087,59.0144543404919,4.85286595212911,30.0370128422274,-56.4163018180267,8453.33267223087,18.4732675199739,-11.4496501091302,61.1061346089926,
1,63422.7465983869,111.704916653547,7951.93489415239,-142.026663647546,8424.7111724072,59.2262273307825,4.59346427524653,30.0303575170338,-56.4169155588504,8424.7111724072,-2.37494226516537,-11.4895239637838,61.0640514300818,
1,63426.2865983863,111.202042999431,7952.36109371514,-142.085463572287,8398.69174367396,59.4363784377102,4.33245729473292,30.0241236587062,-56.4129454658934,8398.69174367396,5.85536310517637,-11.5260667712808,61.1495139310846,
1,63429.7865983858,110.704652709831,7952.7783282607,-142.140222762633,8372.67247827972,59.643721510169,4.0713404744413,30.0201159402807,-56.4073014675616,8372.67247827972,2.44532268672992,-11.5628938260031,61.1822953064748,
1,63433.3465983852,110.198547370411,7953.19743677314,-142.192030976943,8344.05153710129,59.8541666254366,3.80256802348585,30.0159355953739,-56.4078565024809,8344.05153710129,-10.0591782453066,-11.6037276952981,61.0361682936956,
1,63436.8465983846,109.700801390542,7953.60348025158,-142.237312313339,8318.03278516403,60.0606098044713,3.53514068797638,30.0142577371465,-56.3954813599392,8318.03278516403,11.9636788863991,-11.6411472802695,61.2130445383617,
1,63440.3665983841,109.200055527929,7954.00693632081,-142.279859536067,8292.01435832331,60.2677669080847,3.26294003812244,30.0092080310985,-56.4277181603714,8292.01435832331,-5.55337379741104,-11.6788491400033,61.1278326520644,
1,63443.9065983835,108.696323033935,7954.40613114334,-142.317425828254,8263.39453260864,60.4756189700515,2.98584840425087,30.0109887768644,-56.3942249432088,8263.39453260864,2.86954852300369,-11.7206464796102,61.1715753662686,
1,63447.4265983829,108.195311755796,7954.79689187666,-142.350459988155,8237.37697488254,60.6818061083846,2.70693349594167,30.0117971582527,-56.4090074452637,8237.37697488254,7.59102621783495,-11.7589462655358,61.2798617266545,
1,63450.9865983824,107.688498174727,7955.1849193164,-142.379101137474,8208.75824305406,60.8898268922487,2.42134637287252,30.010356685025,-56.4116231649241,8208.75824305406,-19.1460754238587,-11.801398925421,61.0005510380044,
1,63454.4465983818,107.195832884585,7955.55474568714,-142.401743839207,8182.74180871833,61.092666227916,2.13870739359583,30.009163499214,-56.416342424635,8182.74180871833,8.29100547495364,-11.840288737893,61.1285198029066,
1,63458.0065983813,106.68885678427,7955.92839086118,-142.420641683793,8156.72600546797,61.298476521861,1.84760872653144,30.0622308631106,-56.401012358324,8156.72600546797,-6.06408822879348,-11.8794739815036,61.0375740731645,
1,63461.5665983807,106.181827379312,7956.28861855427,-142.430096871072,8128.10942830263,61.5049014204471,1.5511476131415,30.0715396469297,-56.404359396825,8128.10942830263,-16.5644806494693,-11.9228638608378,60.801247021422,
1,63465.0265983801,105.689009437949,7956.63255746179,-142.436498193466,8102.09516661462,61.7049884947397,1.25937298245698,30.0017707999969,-56.4107223660667,8102.09516661462,-16.2587598553573,-11.9626238111619,54.7725098999415,
1,63468.4465983796,105.201878709313,7956.96393548748,-142.43738930938,8076.08174072844,61.9022276207507,0.96737758318172,29.9832810206862,-56.4101474164302,8076.08174072844,6.51506081073967,-12.0026675804092,54.8737092691295,
1,63471.846598379,104.717607061943,7957.28175350467,-142.430790402968,8050.06922241046,62.0977739314845,0.673481908148428,30.0094225577957,-56.4120026852603,8050.06922241046,-16.6786168700601,-12.0429841577824,54.6299155807218,
1,63475.2265983785,104.236215358804,7957.58814848237,-142.418375045944,8024.05768432894,62.2916243760645,0.377683357382395,29.9998654037828,-56.421988255919,8024.05768432894,5.84736025787788,-12.0835795905219,54.7217753597455,
1,63478.6465983779,103.749181208513,7957.88633215004,-142.398944943309,7998.04720341007,62.4872023157351,0.0746303889189277,29.9959713948857,-56.3923084171031,7998.04720341007,-36.0461031681625,-12.1244371391419,54.1987555893242,
1,63481.9465983774,103.279310701751,7958.1627353212,-142.37342866743,7972.03785295082,62.6753650009743,-0.221434385959982,30.0098080710782,-56.4084383987381,7972.03785295082,-62.2055407266762,-12.1655682856372,53.3160589961556,
1,63485.3465983769,102.795303711856,7958.43413563227,-142.338969941772,7946.02971648012,62.8686483423926,-0.530284325302874,30.0120121788505,-56.4089262215256,7946.02971648012,47.7192061758942,-12.2069590592112,54.0329110543282,
1,63488.5865983764,102.33419427944,7958.67992216832,-142.298669787782,7922.62350147244,63.052274379369,-0.828266765762946,30.0100196243169,-56.4098086873913,7922.62350147244,-16.163457482,-12.2444334515838,53.7770473423265,
1,63491.9265983758,101.85900349942,7958.91884713057,-142.248874101034,7896.61790530833,63.2409808108203,-1.13925983202761,30.0084764050515,-56.4092656139817,7896.61790530833,0.140107426504073,-12.2863148801105,53.78628722349,
1,63495.2865983753,101.381150692861,7959.14327545635,-142.188977655936,7870.61377183196,63.4302018709809,-1.45609224172182,30.0080691179232,-56.408098947203,7870.61377183196,0.48327979316764,-12.3284484356632,53.7932063425438,
1,63498.6865983747,100.897829456539,7959.35306228831,-142.119041775961,7844.61119637815,63.6210323492164,-1.78083150099616,30.0093696191737,-56.4077800584047,7844.61119637815,0.807500052280375,-12.370835573345,53.8046543816253,
1,63502.0865983742,100.414765370337,7959.5438081581,-142.037869094456,7818.61027871146,63.81120029252,-2.10980712119456,30.0085760100417,-56.4074194756743,7818.61027871146,2.81448587824798,-12.4134415407768,53.8449426188441,
1,63505.4665983737,99.9348358210949,7959.71302821497,-141.945799033505,7792.61111681902,63.9995770015735,-2.44112423809083,30.0103518331022,-56.4177439744943,7792.61111681902,-0.557512642787515,-12.4562834382409,53.8356320853623,
1,63508.8665983731,99.4524016703805,7959.86106594702,-141.840543628171,7767.83717884175,64.1883753728624,-2.77878324505362,30.0096814801427,-56.4011137399498,7767.83717884175,-1.11352542847453,-12.4973078112719,53.8197988641067,
1,63512.3665983726,98.9561768297078,7959.98761671371,-141.717512134267,7740.31268570229,64.3819827316887,-3.13104895519706,30.0106760831955,-56.4033900373666,7740.31268570229,3.29965282631747,-12.5431215263945,53.8678853657847,
1,63515.726598372,98.4802288925741,7960.08643280603,-141.605086800078,7715.54264801021,64.5671182257058,-3.47376931371959,30.0105185898055,-56.4186290957024,7715.54264801021,-11.7637051477122,-12.584550304726,53.6964285125895,
1,63519.1465983715,97.9962742975941,7960.15225513691,-141.446484255972,7688.02271113197,64.7548088745669,-3.82726932637848,30.0152873796789,-52.3685157429714,7688.02271113197,-47.7780972979572,-12.6306893026457,53.0117393643848,
1,63522.6665983709,97.498798608507,7960.18956037279,-141.217422084691,7660.50547178247,64.9471792161985,-4.19609822033563,29.9922990376944,-54.6986022982847,7660.50547178247,49.1349471254453,-12.6775313603836,53.7406934734796,
1,63526.1265983703,97.0104648395302,7960.18517988629,-141.03976266128,7635.74234369976,65.1354488225367,-4.56367417108783,29.973654702928,-54.06808214842,7635.74234369976,-86.7180981785732,-12.7194346557618,52.4674018524712,
1,63529.7265983698,96.5031462459331,7960.13074036569,-140.8053797282,7608.23062748011,65.3304497852872,-4.95151793498147,29.9928052576839,-53.9250844360113,7608.23062748011,18.9240372473123,-12.7664019570359,52.7763559303681,
1,63533.3265983692,95.9967088499451,7960.02825788107,-140.548964496358,7580.72212563143,65.5245226856732,-5.34496794635645,30.0268684065931,-53.959670104185,7580.72212563143,17.8428217455057,-12.8134391970095,53.025704928346,
1,63536.8465983686,95.5024679239299,7959.87190667759,-140.269503594998,7553.21705649776,65.7133614386027,-5.73519814467159,30.0319363363353,-53.9761560922742,7553.21705649776,5.5604381268713,-12.8606522033141,53.098346662283,
1,63540.2865983681,95.020453908083,7959.66803174508,-139.969769359192,7525.71564792579,65.8970049114488,-6.12193411226357,29.9982659070837,-54.0039943242777,7525.71564792579,-16.4640065825633,-12.9080068870607,52.8580764082722,
1,63543.8065983675,94.528350117228,7959.40043551612,-139.633133378067,7500.96769561294,66.0839704010028,-6.52326447882477,30.0324748734967,-53.997581518552,7500.96769561294,21.2006128957473,-12.9506769977346,53.1707549127527,
1,63547.226598367,94.0514196809614,7959.07848069647,-139.271562050112,7473.47389360193,66.264680972414,-6.91871711588593,30.0006380992753,-54.009885713659,7473.47389360193,-34.3519528164816,-12.9981397050063,52.6654624129179,
1,63550.6465983664,93.5757807804309,7958.69708742743,-138.877159685458,7448.73320214733,66.4444374404881,-7.31971151191778,29.9914078182759,-54.0056252942015,7448.73320214733,81.3915746472067,-13.0408880940974,56.190246750097,
1,63554.0465983659,93.1043304777909,7958.2526761096,-138.444219890729,7421.24792747903,66.6221723099323,-7.72634546713959,30.0058001008073,-54.0032732316384,7421.24792747903,219.13525344347,-13.088390280004,59.3185541925241,
1,63557.5065983653,92.6261444081031,7957.72221853038,-137.961493704674,7396.51534255097,66.8020242572462,-8.14114626968833,30.1085456972742,-54.0277630879759,7396.51534255097,65.6352304283128,-13.1311087971749,60.1705142689392,
1,63561.2065983647,92.1167250704877,7957.06050336216,-137.394366669871,7366.29235036828,66.9931823859278,-8.59389431001822,30.0324960601493,-54.0063989941587,7366.29235036828,-53.8179921004394,-13.1832320643942,59.368635397419,
1,63564.7065983642,91.6368566422015,7956.35278817431,-136.81023936888,7341.56939768996,67.1728651668961,-9.02857327591249,29.9796352110124,-54.0054000446328,7341.56939768996,37.6004740174421,-13.2258131864364,59.9342213762915,
1,63568.4065983636,91.1319009436397,7955.50249725621,-136.133464654383,7311.35886064803,67.3615738218193,-9.49498318258895,30.0483002891342,-54.0058413052829,7311.35886064803,-7.27028064972546,-13.2776940228098,59.8142466007057,
1,63572.086598363,90.6322722227341,7954.53359097137,-135.402482007872,7283.90128414821,67.5479612787184,-9.96602040510585,30.0344888333706,-58.0449392402248,7283.90128414821,-50.8936117268004,-13.3247364021585,59.0839547874473,
1,63575.8065983624,90.1297934599193,7953.43148502682,-134.70213013827,7256.45024854646,67.7350144952851,-10.4495604888132,29.9235415039245,-57.5817400889264,7256.45024854646,-20.5093062958267,-13.3708511302791,58.8090762353686,
1,63579.2465983618,89.6676497834437,7952.3202806563,-133.976255728397,7229.00614375215,67.9067380223792,-10.9034228975448,29.9506119255753,-57.6552083979766,7229.00614375215,49.4939496608031,-13.4167785969353,59.5323397629758,
1,63582.7065983613,89.2054810433006,7951.08677402245,-133.168863321941,7204.31265571789,68.0782139685699,-11.3665456038017,30.0514020583431,-57.6333506550551,7204.31265571789,30.6589762060339,-13.4577438342294,59.9533525053874,
1,63586.4065983607,88.7144834317649,7949.61172856079,-132.226684531978,7174.14018829056,68.2601624559302,-11.8692603681623,30.094661189184,-57.6281355330828,7174.14018829056,-12.3168921434144,-13.5072786404025,59.7635870362037,
1,63590.0065983601,88.2402343016434,7948.05259202228,-131.234455245497,7146.71922334146,68.4357427107656,-12.3686974140958,29.9897772283654,-57.6211838646172,7146.71922334146,11.0316112174787,-13.5517776836915,59.927758136317,
1,63593.6465983595,87.7645027580233,7946.33639092377,-130.146659188116,7119.30679142387,68.6117775372159,-12.8757664229093,30.0415658969287,-57.6162309387721,7119.30679142387,21.8947211773184,-13.5957127604496,60.2387607891023,
1,63597.326598359,87.2877422109842,7944.42035599971,-128.950127918068,7091.90338974498,68.7881725838584,-13.3991866372564,30.0322338482483,-57.6133098245449,7091.90338974498,-45.8055736183906,-13.6389474293351,59.5697367359831,
1,63600.8265983584,86.8385372474082,7942.46116427736,-127.726292066574,7064.50950424793,68.9544287644167,-13.9045525629751,29.9450781602783,-57.6138460239205,7064.50950424793,38.7944094706781,-13.6814797399985,60.1489095977357,
1,63604.4665983578,86.3761065805256,7940.2417673534,-126.343360773164,7037.12556410103,69.1257281657174,-14.438057066113,30.0974580870614,-57.6086546155528,7037.12556410103,7.08927941695038,-13.7231515540022,60.2350942087246,
1,63608.1465983572,85.9139160250537,7937.7937436412,-124.831130990279,7009.75218453624,69.2971952729633,-14.9857554391976,30.0139972853826,-57.6094034905966,7009.75218453624,-23.0780045635856,-13.763887162662,59.8996385038568,
1,63611.6865983567,85.4747495842874,7935.28381892162,-123.269873296479,6982.38987016442,69.4604655990767,-15.5206342230477,29.9681591164096,-57.6069210906862,6982.38987016442,23.1874764183967,-13.8036737094342,60.2438671910827,
1,63615.3665983561,85.0243179345205,7932.43732976136,-121.513054450933,6955.03914136836,69.628402846411,-16.0851148661337,30.088069761892,-57.6075323150581,6955.03914136836,3.76274974107582,-13.8423029448768,60.2886279999521,
1,63619.0465983555,84.580580380911,7929.37752130404,-119.63000110873,6927.70068139365,69.7944614955243,-16.6583190059536,29.9825551625015,-57.6077386488502,6927.70068139365,-10.4329271795768,-13.8798270787311,60.1368120152801,
1,63622.6665983549,84.1510769674666,7926.14780744438,-117.646198580756,6900.37503648456,69.9559271604248,-17.2307965435075,30.0362200176308,-57.6077324947429,6900.37503648456,7.18192965518756,-13.9161547991732,60.2446985541351,
1,63626.3665983543,83.7197620403478,7922.60312828068,-115.476991832823,6870.33243622274,70.1189721441911,-17.8248640086344,29.9579429642322,-57.6082384052978,6870.33243622274,11.046077750515,-13.9545950351758,60.4009017668745,
1,63630.0065983537,83.303531839693,7918.89279548844,-113.20003650419,6843.03581815261,70.2773552485372,-18.4182154717206,30.072210267543,-57.6089593912675,6843.03581815261,11.9054965086898,-13.9880911576265,60.5679328740779,
1,63633.6865983531,82.8914456156297,7914.83858546026,-110.739048844353,6815.75410568342,70.4353848011453,-19.0271715981524,30.0218456358161,-57.6077695458814,6815.75410568342,-26.8769457670978,-14.0200018214401,60.1758475726258,
1,63637.1865983526,82.508158249977,7910.75795980616,-108.262260169032,6788.48801671372,70.5836764781409,-19.6148969979663,30.02594974199,-57.606746976663,6788.48801671372,22.2943771032205,-14.0504753180352,60.5090422761615,
1,63640.766598352,82.1253490586365,7906.29834341795,-105.576819479658,6761.23830355034,70.733276029073,-20.2247590935525,29.9944501454246,-57.6084378740523,6761.23830355034,-8.22797377721145,-14.079310837086,54.872019672614,
1,63644.2065983514,81.7668112837207,7901.7677621736,-102.855893634456,6736.7281979798,70.8749888554625,-20.8191264706032,30.0149306921097,-57.6075217114257,6736.7281979798,-22.1207639181457,-14.1038663211436,54.5562356487498,
1,63647.6665983509,81.4158902567774,7896.92265314193,-99.9693523807266,6709.51176241715,71.0154587257654,-21.4252635598168,30.0161614559663,-57.608027591411,6709.51176241715,-32.2866648954096,-14.1294404998112,54.0998151577088,
1,63651.0465983504,81.082963345645,7891.93420852938,-97.0100655130509,6685.03295124802,71.1506276727469,-22.0254822403358,29.9805154443521,-57.6081560424146,6685.03295124802,-39.2192453640246,-14.1509096154506,53.5476691336466,
1,63654.6465983498,80.73963555195,7886.33518110874,-93.7051081034441,6657.85276029835,71.2923059866464,-22.6736105066344,30.020012233713,-57.6075208122964,6657.85276029835,19.7588459520202,-14.173060027137,53.8488671816938,
1,63658.1865983492,80.4139146936582,7880.52314173436,-90.2970329144416,6630.69288086831,71.4292617363759,-23.3198634031351,30.0174476570025,-57.6079186753817,6630.69288086831,11.1313962261074,-14.1932802304731,54.0010510298223,
1,63661.6865983487,80.1039922822397,7874.49696171363,-86.7812190486736,6603.55415623679,71.5623096082957,-23.9675398824775,29.9795084767497,-57.6079328291541,6603.55415623679,8.48800137944818,-14.2116203083686,54.1187501656287,
1,63665.2065983481,79.8049647349659,7868.16079243935,-83.1002521060813,6576.43739181168,71.6936925339495,-24.6276823670411,30.0517549346703,-57.6074755255557,6576.43739181168,3.60710714774905,-14.2280475250565,54.1671458319763,
1,63668.7065983475,79.5207468554256,7861.55560313411,-79.2929426116812,6552.05182694821,71.82185872927,-25.2927907993961,30.0066209036747,-57.6081019808796,6552.05182694821,-2.57062955963738,-14.2410956168626,54.1285393330955,
1,63672.246598347,79.2470746605182,7854.59468207855,-75.3060332910346,6524.9791965728,71.9489250456525,-25.9743338661612,30.0144718003746,-57.6081064988623,6524.9791965728,7.77486053124903,-14.2538402183405,54.2417710627755,
1,63675.7465983464,78.9906007553209,7847.43508862596,-71.2338449500847,6497.93100466316,72.0719614158627,-26.6568890218424,29.9710378569303,-57.607727947794,6497.93100466316,8.40505308009961,-14.2646897715105,54.3597118884179,
1,63679.2665983458,78.7472443142058,7839.99309526635,-67.0198283967617,6470.90800472541,72.1930414582859,-27.3520516023706,30.0571524410078,-57.6083673753935,6470.90800472541,8.70623031334071,-14.2737163122181,54.4817274553757,
1,63682.7465983453,78.5214630499976,7832.33792080469,-62.7282996528462,6446.609573615,72.310066149526,-28.0478521170456,29.9836214540902,-57.6079765038373,6446.609573615,-3.78580754410814,-14.2801852763607,54.4233416506808,
1,63686.2865983447,78.3072805959415,7824.31945107975,-58.2655642428426,6419.63672809501,72.4263179356954,-28.7643013031267,30.0125567655793,-57.6081228369229,6419.63672809501,9.00372540852004,-14.2857957172281,54.554813100025,
1,63689.7865983442,78.1112254029158,7816.14265952412,-53.7558626910031,6392.69137918571,72.5384327598491,-29.4811615760025,30.0166385673554,-57.6076149464688,6392.69137918571,6.47398818819329,-14.2896832178789,54.6443647615651,
1,63693.2865983436,77.9311018191958,7807.74071114411,-49.1644412590649,6365.77425533223,72.6476849810199,-30.2063949112455,30.0146618908581,-57.6079954475744,6365.77425533223,3.74086948548393,-14.2919867257102,54.6955520563114,
1,63696.766598343,77.7680623642998,7799.17928624458,-44.531278698499,6341.57354167807,72.7534215074772,-30.9356878839934,30.0126301939754,-57.6076523768687,6341.57354167807,6.98394703997928,-14.2928017709747,54.7947093081473,
1,63700.3065983425,77.6188540352834,7790.26903704489,-39.763849239314,6314.7119008126,72.8579694850542,-31.6858329362555,29.9726222215976,-57.6079612877882,6314.7119008126,-2.30542503579363,-14.2924222654884,54.7584971830372,
1,63703.8065983419,77.4879814337464,7781.31082438526,-35.0167568884066,6287.88030789771,72.9582990801469,-32.4355826587942,30.047193701255,-57.6080629658492,6287.88030789771,7.2293585080597,-14.2908989019366,54.8637945379552,
1,63707.2465983414,77.3756090421686,7772.3275046022,-30.3205444036306,6263.7580886427,73.0539171807485,-33.1801690294292,29.97353477235,-57.6080676004126,6263.7580886427,-6.60462199963331,-14.2885144058861,54.7652975710171,
1,63710.7665983408,77.2773569553774,7762.99536453309,-25.5067152709156,6236.98515938666,73.1486418225334,-33.9498082133308,30.0551045338173,-57.6082771594325,6236.98515938666,2.00495843333556,-14.2850151069894,54.7970358443825,
1,63714.2065983402,77.1976934088431,7753.7829556895,-20.8189436538582,6210.24383639923,73.2381222582147,-34.7093492433631,29.9914767280873,-57.6076959409003,6210.24383639923,-9.48814006749672,-14.2808105433276,54.6591903579277,
1,63717.6665983397,77.1338061555075,7744.39275689064,-16.1198389156536,6186.20394651835,73.3249983048575,-35.4805011376857,30.0121249334024,-57.6085313684989,6186.20394651835,6.9788637812153,-14.2764591748838,54.7640333253667,
1,63721.1665983391,77.085630903122,7734.863344875,-11.4217370390838,6159.52365152682,73.4096490071462,-36.2677123578209,30.0083110170875,-57.6077716177598,6159.52365152682,-5.08846966293004,-14.2713705310328,54.6876524204922,
1,63724.6865983386,77.053676269562,7725.19742850751,-6.75095296612881,6132.87591293629,73.4914674902033,-37.0664544682314,30.0189602412329,-57.6080589712893,6132.87591293629,-4.47815383038051,-14.2660012447399,54.6252183446365,
1,63728.086598338,77.0382918906892,7715.85232681257,-2.3175297663397,6108.92100406343,73.5673036377214,-37.8444458659626,30.0000319227162,-57.6076618259915,6108.92100406343,-39.5384756351896,-14.2611919213701,54.4309935520733,
1,63731.6465983375,77.0381777656674,7706.04769629989,2.23160338937214,6082.33573711475,73.6433107599777,-38.6656299268825,30.0152241667953,-57.6082940366373,6082.33573711475,14.5673501744759,-14.2559890602041,54.6578626518967,
1,63735.1465983369,77.0536562112663,7696.44433988458,6.58906003548918,6055.78353813673,73.7146155991508,-39.4792824428001,30.0124095887613,-57.6083912318658,6055.78353813673,-6.03473275046872,-14.2511868412748,54.5645970966877,
1,63738.6665983363,77.0842620985592,7686.82623812255,10.7004439795908,6029.26445052918,73.782876493454,-40.3036230956458,29.9969568794533,-61.0598155128994,6029.26445052918,-5.12720991493916,-14.2462156077217,54.4932028863597,
1,63742.1065983358,77.1264309118707,7677.47890408817,13.819995507889,6005.42525420999,73.8462039066738,-41.1148220296662,29.9809140090717,-62.5856081557447,6005.42525420999,7.46955723301653,-14.2383727744946,54.6032694639954,
1,63745.6265983352,77.1804617429553,7668.00030949717,16.8438446453742,5978.9681283975,73.9075131994948,-41.9503242387765,30.0107013557034,-62.4993040538306,5978.9681283975,-7.52450626226073,-14.2305431107499,54.4915368606288,
1,63749.1465983347,77.245110006161,7658.59444182532,19.8845695232762,5952.54342885064,73.9655869578386,-42.7958111852251,30.0133956148101,-61.5957822310434,5952.54342885064,-4.56616087195198,-14.2243909352251,54.4288712669686,
1,63752.5265983341,77.3171724007223,7649.66057415437,22.7280052135911,5928.78889136926,74.0173665333679,-43.602869415237,30.0062202028689,-61.4428691133218,5928.78889136926,0.331316000344486,-14.2201762147555,54.4356960645775,
1,63756.0265983335,77.4016918636355,7640.52079005171,25.5464623723987,5902.42556267145,74.067826238256,-44.4479666279072,30.0050274820451,-61.2480937659235,5902.42556267145,-5.67896039007974,-14.2168343696055,54.3536294217905,
1,63759.406598333,77.492472394797,7631.81294930077,28.1538002245109,5878.72595669774,74.1131742213141,-45.2680544043174,30.00466755659,-60.9415238684372,5878.72595669774,-0.398055590645527,-14.2151743761208,54.3504141903073,
1,63762.8265983325,77.5931297403323,7623.11862864536,30.6929490604158,5852.42329707219,74.1556656184351,-46.1014958738835,30.0412982358899,-60.5965330027467,5852.42329707219,-2.07410660293135,-14.2149858406977,54.320645861669,
1,63766.2065983319,77.7009363744138,7614.68881098803,33.0780745075646,5828.77794456327,74.1942973725106,-46.9284781853365,29.9817148846253,-60.2867447433814,5828.77794456327,-5.10381635533122,-14.2164293034779,54.2478398836975,
1,63769.6265983314,77.818045411828,7606.25916085961,35.3883989775038,5802.53508215453,74.229977089744,-47.7682488150104,30.0146888219223,-59.9090583848131,5802.53508215453,1.84412488907492,-14.2197558474034,54.2766872576876,
1,63773.0065983308,77.9413273464395,7598.1214125856,37.5390603820218,5778.94309472387,74.2618653029558,-48.6008351268337,30.0390137638868,-59.6017850265147,5778.94309472387,-3.25401327163854,-14.2245265066513,54.2288551173483,
1,63776.3865983303,78.0716881721653,7590.08125085104,39.5758273969725,5755.37606584655,74.2903963154699,-49.4357127840935,30.014372157137,-59.2772487253716,5755.37606584655,-5.73075998720924,-14.230780997377,54.1475253295765,
1,63779.9065983297,78.2145088554295,7581.91827271694,41.548741497484,5729.21947100426,74.3165397999573,-50.3072486068876,30.0435669179002,-58.9792494533051,5729.21947100426,4.01705209565625,-14.2398006348064,54.207894487765,
1,63783.3265983292,78.3596961691771,7574.11875081617,43.3338057495795,5703.09308224532,74.3384539321261,-51.1556991198266,30.0228544880554,-58.6334460221249,5703.09308224532,-2.81683495480956,-14.2508015223001,54.1654614795154,
1,63786.7065983286,78.5089425989147,7566.60759952556,44.9563895118656,5679.60486263971,74.3567389396658,-51.9955021761781,30.0280357035306,-58.2730796691407,5679.60486263971,2.20085071728136,-14.2626099264319,54.1985134278042,
1,63790.1265983281,78.6653101530066,7559.13332002972,46.5232095775694,5653.53489007872,74.3718333976728,-52.8461862576795,30.0073306953631,-59.4602940108305,5653.53489007872,-0.693634261395346,-14.2779982715141,54.1875180133906,
1,63793.5065983275,78.8237227556966,7551.94633130062,47.1071298979849,5630.09680658639,74.3833881953891,-53.687509472729,30.0025645843204,-65.6155462992387,5630.09680658639,-0.81886836655849,-14.289956371395,54.1759989290197,
1,63796.866598327,78.9820086241439,7544.98504221429,47.1343769990764,5606.68154956176,74.3915542222036,-54.5241008968511,29.970029658365,-63.9934224280906,5606.68154956176,-12.1768959582168,-14.301291580741,54.0004518375718,
1,63800.3665983265,79.1476185199348,7537.88659633194,47.384726926963,5580.69107613339,74.3965740038769,-55.4004281385224,30.0095961659992,-64.3263808818409,5580.69107613339,4.66742912709196,-14.3177246573692,54.072973824792,
1,63803.8865983259,79.3144618168995,7530.91609293175,47.3820985297671,5554.72814006479,74.3979912092531,-56.2712975244763,30.0517192357514,-64.3606858117281,5554.72814006479,9.85989700027676,-14.3354874635871,54.213225082174,
1,63807.2665983253,79.4744145162776,7524.36806591028,47.2375178459158,5531.38475992723,74.3959912209753,-57.111501083074,29.9736300278578,-64.3365666698863,5531.38475992723,-6.63041511331267,-14.35306423185,54.1130375241072,
1,63810.7665983248,79.6392716258038,7517.77011238397,46.9408275782751,5505.47309813883,74.3904491032628,-57.9803402039771,30.0627080772785,-64.3226870258035,5505.47309813883,3.68323125531606,-14.3744595619398,54.1689977814417,
1,63814.1865983242,79.7991236163508,7511.46533723205,46.5136512799434,5482.17525883527,74.3816398935013,-58.8277952058985,29.9595683354615,-64.316374683095,5482.17525883527,-56.6626038607646,-14.3952443300369,54.1801003833938,
1,63817.6265983237,79.9582026844816,7505.28529377886,45.9500819349473,5456.31352479399,74.3694153343539,-59.6783444915403,30.0595313483187,-64.3117379433001,5456.31352479399,-1.25017158466017,-14.4201117189133,54.1867603790073,
1,63821.0065983231,80.112410284997,7499.34185008717,45.2734173451452,5433.06003086788,74.3541384369583,-60.511909300643,30.0198622294856,-64.3085420956164,5433.06003086788,-8.43208358913307,-14.4439435509628,54.0655239697036,
1,63824.4465983226,80.2667778261537,7493.44455527172,44.4494071927566,5407.24698592763,74.3352889513938,-61.357756474263,29.9762655051384,-61.045651161295,5407.24698592763,-0.39695749980001,-14.4720579600023,54.0634702534088,
1,63827.7865983221,80.4147584984805,7487.83212184849,43.9999314809549,5384.03685619366,74.3138295867958,-62.1762830899076,29.9732518184576,-57.2447267328685,5384.03685619366,-4.27191604073323,-14.5010785451285,54.0019231779965,
1,63831.1665983215,80.5635964363935,7482.31215167982,43.9708835074109,5358.2718194533,74.2889785710909,-63.0015746550718,29.987199411434,-55.8518455576998,5358.2718194533,-1.89407598807338,-14.5382412044687,53.9764551612457,
1,63834.646598321,80.7160541368108,7476.72603852141,43.6400634242539,5335.10472153506,74.2601276544015,-63.8477840167532,30.0293289413452,-55.9520436421169,5335.10472153506,1.89874595998936,-14.5720058052261,54.0046724417324,
1,63838.1465983204,80.8680299093407,7471.24026707232,43.1811208726422,5309.38705741238,74.2277982216245,-64.6949625186644,30.0665749935816,-55.9372119318876,5309.38705741238,9.36347910297354,-14.6110147243959,54.1389787065637,
1,63841.5065983199,81.0122057871632,7466.08819138085,42.6160603752464,5286.26216066334,74.1936656151974,-65.5042945559385,29.9710337248711,-55.9259879857779,5286.26216066334,-6.76266037220557,-14.6473973319724,54.0371022919431,
1,63845.0065983193,81.1601472153813,7460.85674394333,41.8995119991555,5260.59084445515,74.1549175383999,-66.3429412281393,30.0721227660077,-55.9154046575171,5260.59084445515,15.7018265883162,-14.6892908280509,54.2665555014499,
1,63848.3665983188,81.2996218237672,7455.92782113247,41.0768737815819,5237.50723276796,74.1146850164724,-67.1435459552822,30.0094973843851,-55.9134340939135,5237.50723276796,-21.7901559067941,-14.7281780982466,53.9447558265668,
1,63851.8065983182,81.4395614768071,7450.9798189581,40.3314951052611,5211.88139072534,74.0704486731842,-67.9583934077968,29.9961893364345,-52.2208650939261,5211.88139072534,-9.83007639309926,-14.7739428967043,53.812349908015,
1,63855.3265983177,81.5802584599042,7446.06822183098,39.5916533820748,5186.27936447635,74.0220375661673,-68.7868917767957,29.9792886696077,-51.8469694545353,5186.27936447635,22.5219733202048,-14.8223342981446,54.1413660301412,
1,63858.7865983171,81.7157918084525,7441.30310166417,38.7172723790681,5163.25768307881,73.9710849186638,-69.600458706695,30.0466345940274,-52.580513869447,5163.25768307881,4.93439760038109,-14.8666658982612,54.2028229249905,
1,63862.2865983165,81.8495602312181,7436.59723578284,37.7073818395917,5137.70024538512,73.9170945951593,-70.4083011815446,30.0147058609849,-52.3710601562594,5137.70024538512,-0.124904812460954,-14.9170781144696,54.1989059851531,
1,63865.786598316,81.9796391399978,7431.99245663646,36.609219170445,5112.16597628838,73.8597700184071,-71.2147892012715,30.0272640259498,-52.0642076633921,5112.16597628838,0.993508812277469,-14.9689762538241,54.2132944286499,
1,63869.2465983154,82.1043099821573,7427.51529238684,35.4389309344501,5089.2048098716,73.8001596485482,-72.0059389928055,29.9975522213344,-51.8595117710691,5089.2048098716,-1.09514377247069,-15.0168374600913,54.1970516661616,
1,63872.7065983149,82.2247771007307,7423.16602846733,34.1796842365257,5063.71409303936,73.7372959227732,-72.7953268052551,30.0143805120369,-51.6321375363509,5063.71409303936,10.1909950478184,-15.0714197751098,54.3445903118406,
1,63876.0665983143,82.3374681884013,7418.97506258663,32.880123238765,5040.79183717927,73.6742560931438,-73.5468100827076,30.053704521687,-51.6202100136733,5040.79183717927,-9.29690493158978,-15.1215462843343,54.205681591908,
1,63879.5065983138,82.4481588851959,7414.78354500488,31.4655672903974,5015.34413273403,73.606196997353,-74.3187743875562,29.962242122354,-51.3131992187671,5015.34413273403,10.4810698484134,-15.1785111896256,54.3609908363103,
1,63882.8665983132,82.5514657511273,7410.77218245091,30.0112417617368,4992.46035394267,73.5378786737622,-75.0575290677571,30.0623616573616,-51.2740081434398,4992.46035394267,2.58137477515993,-15.2309103586633,54.3935823159135,
1,63886.2465983127,82.6503262627507,7406.77853306698,28.4751117202662,4967.05517096181,73.466161138281,-75.7985534184643,30.0071434012687,-51.1630586153874,4967.05517096181,-13.2130132148177,-15.2901828672547,54.2015068428854,
1,63889.7265983121,82.7465644651437,7402.75276173176,26.8250347644621,4944.20950948905,73.3896507512874,-76.5544562544466,30.00572933741,-50.8500910423791,4944.20950948905,15.2229028441207,-15.344650226619,54.4267450605711,
1,63893.2265983116,82.8374551656404,7398.76177827847,25.0946695976743,4918.8464799269,73.3100112672395,-77.3073669052966,30.0130296741016,-50.8887403817059,4918.8464799269,-5.49443748718659,-15.4062973335601,54.3409945236761,
1,63896.706598311,82.9216925593438,7394.85611149482,23.3070671448344,4893.50550809963,73.2281963736969,-78.0485636029235,30.0021193188699,-50.7121664709132,4893.50550809963,10.2763217797565,-15.469089120222,54.491700062958,
1,63900.0865983105,82.9974574827859,7391.11326865549,21.5111248260348,4870.71743395946,73.146263536693,-78.7612882863835,30.0407133490234,-50.6938232687776,4870.71743395946,-47.2731758956861,-15.5265418281994,54.312635819553,
1,63903.5465983099,83.0685490382891,7387.41916913722,19.5730164856803,4845.41817773975,73.0599135926766,-79.4834696590208,29.2019349910454,-50.3982383861479,4845.41817773975,-4.963968345176,-15.591732648079,54.2614824047251,
1,63907.0665983094,83.1339065387947,7383.72038563411,17.5668793296721,4822.66714489422,72.9695394459338,-80.210416458529,30.0951882308651,-50.1172714485541,4822.66714489422,20.0383036374342,-15.6515104519706,54.5526730329162,
1,63910.5465983088,83.1915993831633,7379.97653533672,15.571430231573,4797.409017875,72.8777307877509,-80.9213161299848,30.0794955665311,-50.3604326380202,4797.409017875,-4.61249315893474,-15.7183917786923,54.477533501491,
1,63913.9065983083,83.2405792750046,7376.44922825947,13.5756085913525,4774.69541855975,72.7868066174387,-81.6002964051212,30.0075184091598,-50.2975068434004,4774.69541855975,-0.197840592711145,-15.7794902421008,54.4767463615914,
1,63917.3265983077,83.2834970864495,7372.86713866078,11.5122437464644,4749.47878764974,72.6919985670592,-82.2838823018001,30.1051060372369,-50.1443563311683,4749.47878764974,6.76860937443325,-15.8483304692814,54.5745623533458,
1,63920.8265983072,83.3200228573298,7369.24679339383,9.35045773620396,4724.28404347839,72.5926552252559,-82.9755591646072,29.9689298579629,-50.1666717421476,4724.28404347839,-7.09964919513914,-15.918189324927,54.469223725226,
1,63924.2465983066,83.3483272344535,7365.74699123501,7.19765485991348,4701.62740236138,72.4933599681298,-83.6436773025994,30.0838210161065,-49.9729984811537,4701.62740236138,10.0312818839138,-15.9819028871927,54.6171752378647,
1,63927.5865983061,83.3688228486562,7362.33370736892,5.06464833560392,4678.98850244504,72.3943070742296,-84.2887482711094,29.9964482244822,-50.0298244189817,4678.98850244504,-10.5494711543324,-16.0463567063274,54.4602397885417,
1,63931.0865983055,83.3825793462107,7358.81721025525,2.79194722503036,4653.85494431982,72.2883448116614,-84.9568390565878,30.0125546927034,-49.820774795531,4653.85494431982,12.7387854167282,-16.1189559302565,54.6485634657651,
1,63934.426598305,83.3882663254207,7355.44139717655,0.603170529467889,4631.25347637683,72.1852008637027,-85.5868582157194,30.0728292256769,-49.9342538728265,4631.25347637683,-9.04023826922366,-16.1849945562976,54.512219131333,
1,63937.8465983044,83.3864411991825,7352.0192715258,-1.67174461694691,4606.16165718562,72.0775759747425,-86.2243420742667,29.9548318398256,-49.7731117557737,4606.16165718562,7.49320813183112,-16.2592382404586,54.6243755567592,
1,63941.3665983039,83.3764124349635,7348.51199479622,-4.03490777263642,4581.09183836549,71.9647218004841,-86.8724165949966,30.0895806203333,-49.7818248667057,4581.09183836549,10.6653568676611,-16.334361496362,54.7750423208339,
1,63944.7065983033,83.3591668116935,7345.17247131819,-6.29924898781576,4558.54795066762,71.8557242106301,-87.4798079847241,30.0022534293386,-49.9636032658992,4558.54795066762,-15.8304847515219,-16.4026125998052,54.5415162042422,
1,63948.2265983028,83.3327489766432,7341.69074111382,-8.70888097227783,4533.52026342337,71.7388754178682,-88.1120022112672,30.0006349634495,-49.6512121514601,4533.52026342337,13.1601916479731,-16.4793143867307,54.7381128687361,
1,63951.5665983022,83.2998569885315,7338.35294052456,-10.9963152810051,4511.01440735873,71.6261640759981,-88.7043655831243,30.0697629751987,-49.8413570192997,4511.01440735873,-1.09845964375563,-16.5489854025503,54.716330847813,
1,63954.9265983017,83.2590049667182,7335.01115062293,-13.3206839564151,4488.52673985032,71.5110084552663,-89.2929277745994,29.9539389480438,-49.7884302144413,4488.52673985032,0.911964293119127,-16.6192765428167,54.7299958586029,
1,63958.3665983012,83.2090885063987,7331.58817639442,-15.7039492999608,4463.56179394584,71.3913097476684,-89.8879029833124,30.0871670756003,-49.7733839198359,4463.56179394584,3.34099745534695,-16.6981187392574,54.7778289944149,
1,63961.7265983006,83.1524188291049,7328.20595797664,-18.0301213342042,4441.11274122128,71.2726715208177,-90.4616501780697,30.0248324264545,-49.8190403641217,4441.11274122128,-2.73741061382589,-16.7696382630452,54.7367916707901,
1,63965.1265983001,83.0870914467191,7324.80728158362,-20.3982553633742,4416.19101994198,71.15092325991,-91.0348333942905,29.9801935775351,-49.7918466469724,4416.19101994198,4.29105969453394,-16.8498317321127,54.7999673022383,
1,63968.4865982995,83.014654881251,7321.39433967703,-22.7223706117838,4393.78106484388,71.0289642971947,-91.5940097114287,30.0821799597845,-49.8289457927055,4393.78106484388,1.53745080314184,-16.9225215636301,54.8202623237984,
1,63971.846598299,82.9343961127335,7317.97329156059,-25.0503606945949,4371.38988674973,70.9054062332558,-92.14600881587,29.963584913239,-49.8927564241203,4371.38988674973,-3.80447057911715,-16.9957563671475,54.7646149493591,
1,63975.3665982984,82.841942135266,7314.36493478811,-27.4777342304996,4346.53288926665,70.7742853579542,-92.716651701443,30.0809080649071,-49.8385614667014,4346.53288926665,9.89695855325772,-17.0777208607128,54.9090444101623,
1,63978.7065982979,82.7463463773606,7310.88897366738,-29.7685299870018,4324.18171113071,70.6483151140851,-93.2509347641001,29.9966514259579,-50.0194094165357,4321.69943072478,-8.37709077457566,-17.1602099736878,54.7836070815813,
1,63982.2265982973,82.637325106645,7307.20674696636,-32.1720279035696,4299.36958002641,70.5139531457084,-93.8065062475302,30.0209431267524,-49.9339357068185,4299.36958002641,10.8890783040715,-17.2349821571103,54.9443111074448,
1,63985.6065982968,82.5247263971828,7303.60724405945,-34.457170615137,4274.58140390522,70.3826441209373,-94.3358849695647,30.0142138859299,-50.1171314029552,4274.58140390522,-10.6543127210762,-17.318521442233,54.8413351846864,
1,63989.0865982962,82.4007503061481,7299.86493351866,-36.7899305631897,4252.29271814947,70.2475103359987,-94.8673517293168,30.0199347753154,-50.0801260367296,4252.29271814947,10.5933529017548,-17.3941210591944,54.9988535410449,
1,63992.4665982957,82.2726145314388,7296.16673199954,-39.0309048739168,4227.55074367641,70.1140649963906,-95.3795278886765,29.9767562432064,-50.2798788327834,4227.55074367641,-5.64431613218858,-17.4785194416453,54.9126694376782,
1,63995.9465982951,82.132814823864,7292.3230443274,-41.3099508275188,4205.30405454717,69.9752210324067,-95.8996944723695,30.0499664563492,-50.2579191294561,4205.30405454717,8.79378157266547,-17.5548469562284,55.042041670609,
1,63999.3465982946,81.9886526163612,7288.45860376999,-43.4922794386442,4180.6092640862,69.8381793134783,-96.4009504353642,30.0459438382914,-50.4466571316517,4180.6092640862,-7.54334875457971,-17.6398769941889,54.9292272305464,
1,64002.7665982941,81.8361979236938,7284.52794402595,-45.6566157241858,4158.40559473772,69.6989766763604,-96.8982896411342,29.9855729913857,-50.4345540551621,4158.40559473772,8.05531152736694,-17.7167398263429,55.0488431095981,
1,64006.1865982935,81.6764294477124,7280.49443945064,-47.7723334264411,4133.75916576713,69.5584456089636,-97.38881407125,30.0545652384793,-50.5968017255533,4133.75916576713,1.93683616397357,-17.8023380367597,55.0732752740673,
1,64009.526598293,81.5134716888117,7276.4878163053,-49.8036941507769,4111.59959402391,69.4199482997322,-97.8613516239673,29.9985442964365,-50.7886067682688,4111.59959402391,-2.99276657138034,-17.879550592529,55.0291758265608,
1,64012.8865982924,81.3427712272787,7272.35626845254,-51.7961232527935,4089.46130403239,69.2793994003416,-98.330293072306,30.0134175295227,-50.7977501993297,4089.46130403239,2.75241197707874,-17.9568749161232,55.0702744060923,
1,64016.3065982919,81.1622450403851,7268.05930324703,-53.7694748345027,4064.88853806018,69.1351102145631,-98.8010591642903,30.0095520132338,-50.9479527295331,4064.88853806018,1.83126664807833,-18.0429138005305,55.0955057515202,
1,64019.6465982914,80.9795222220207,7263.75024895472,-55.6389818822611,4042.79616532086,68.993024892204,-99.254503540471,29.9826499092547,-51.0945167695128,4042.79616532086,-0.302864570493966,-18.1203565309041,55.0903129103819,
1,64023.0665982908,80.7860510801915,7259.24705252747,-57.4939063553189,4018.27512849243,68.8463640794017,-99.7124185675354,30.0602985650115,-51.2212521716539,4018.27512849243,1.52105152789954,-18.2063767533086,55.1124123006396,
1,64026.4065982903,80.5911148196515,7254.68459366839,-59.2272225234304,3996.23003300588,68.7020152727146,-100.153447074999,30.0195665890903,-51.3708862007993,3996.23003300588,-0.47269334251132,-18.2836177098511,55.10490452917,
1,64029.7665982897,80.3892600659542,7249.97827105009,-60.925131724557,3974.20786859852,68.554838194871,-100.593613763143,30.0117364316412,-51.5325621392346,3974.20786859852,0.939661651274946,-18.3607917854024,55.1186903079102,
1,64033.1865982892,80.1781201486252,7245.08119606181,-62.5492278867355,3949.76609909637,68.4056999385633,-101.030218560575,30.0139494099735,-51.6749282240514,3949.76609909637,2.8929350493554,-18.4462381733066,55.1600531368652,
1,64036.5465982886,79.9653688062336,7240.1084335911,-64.080382729671,3927.79349815044,68.2572670348614,-101.45567778629,30.0149486973531,-51.8902064105462,3927.79349815044,-1.36666807638994,-18.5228895133172,55.1390181752571,
1,64039.9065982881,79.7476058057612,7234.98022627754,-65.5295809830735,3905.84495561888,68.1078153481402,-101.875229625632,30.004156109888,-52.0351460146242,3905.84495561888,0.390179948728019,-18.5991821417162,55.1452650016935,
1,64043.3065982876,79.5224337392869,7229.66226106219,-66.9146820633807,3881.48635920665,67.9555717548467,-102.293830295685,29.9961792714727,-52.2159575717308,3881.48635920665,1.12578666819672,-18.6835485732149,55.1613505474245,
1,64046.666598287,79.2954705782142,7224.18066305273,-68.1727403766382,3859.58985154083,67.8041420303053,-102.701695419325,30.0519369461035,-52.4013528255621,3859.58985154083,1.46458519528323,-18.7588488825476,55.182005989501,
1,64050.0665982865,79.0616366567472,7218.49632848794,-69.366869507899,3835.29014340436,67.649944687633,-103.108599725925,29.9995862244548,-52.6605877824494,3835.29014340436,3.56397580534713,-18.8419143740674,55.2328278525157,
1,64053.4265982859,78.8267431764146,7212.66137368965,-70.4392811851749,3813.44759461519,67.4966305217342,-103.505033218917,30.0183854656202,-52.8791737981675,3813.44759461519,1.85799253470532,-18.9159118849194,55.2580781483271,
1,64056.7865982854,78.5884015283193,7206.64800334543,-71.4185725455908,3791.63129909404,67.3424135677088,-103.895877486592,30.0131146016683,-53.1308254399803,3791.63129909404,0.658143824382478,-18.9891872166685,55.2667565151227,
1,64060.1865982849,78.3440557529796,7200.34870292776,-72.3004024313628,3767.42229743471,67.1854640798978,-104.285747242931,30.0141154208889,-53.3419730160099,3767.42229743471,1.91539884101758,-19.0696005298486,55.2941267702279,
1,64063.5465982843,78.0998333295807,7193.90156434665,-73.0573297020993,3745.66291754784,67.0294970199909,-104.665528747987,29.9775521783389,-53.5840290047324,3745.66291754784,1.27475301273262,-19.1410024236316,55.3116873098042,
1,64066.9065982838,77.8532408187315,7187.26174573721,-73.7094552572183,3723.93121074297,66.8726922192379,-105.039900884257,30.0450130470999,-53.8439257242152,3723.93121074297,2.59841213550772,-19.2114328531722,55.3486559989526,
1,64070.4465982832,77.5913142410638,7179.96467932091,-74.256715449642,3699.81797580377,66.7066043759576,-105.428536927074,29.9806693672271,-54.1018104478237,3699.81797580377,19.3460730421916,-19.2881609749728,55.2779016212885,
1,64073.9665982827,77.3291740995068,7172.46130942915,-74.6664656995934,3675.74025030178,66.5405802022981,-105.809148804859,30.0295564448024,-54.3007662387695,3675.74025030178,11.2673406797649,-19.3634861135841,55.4322017491729,
1,64077.3465982821,77.0763406142611,7164.97900569294,-74.9304486174187,3654.10128740427,66.3803607290349,-106.169209811959,30.0111336634834,-54.6785403154097,3654.10128740427,-2.85706247462076,-19.4297608864672,55.3858973374047,
1,64080.7865982816,76.818304978108,7157.09001059741,-75.0729115646744,3630.09307230596,66.2165150491832,-106.530272880167,30.0120637231073,-54.922524301704,3630.09307230596,7.08752312585511,-19.501613885155,55.489458963028,
1,64084.146598281,76.5660256085685,7149.103079257,-75.0820600722359,3608.51785971623,66.0557386840476,-106.877742621415,30.0102327188449,-55.2682406777367,3608.51785971623,-0.620636069882039,-19.5645820049783,55.477328915551,
1,64087.5465982805,76.310926980908,7140.72805730458,-74.9598248589888,3584.58184920013,65.8923231372221,-107.224171967144,30.0080773895654,-55.5315383545244,3584.58184920013,4.43575358766975,-19.6324540213644,55.5416602259218,
1,64090.9265982799,76.0579733634414,7132.11485663709,-74.7055587605061,3563.07287235799,65.7291658818762,-107.563451418633,29.972169678212,-55.8461734982428,3563.07287235799,0.317946247220334,-19.691666240108,55.5442840440895,
1,64094.3265982794,75.8046238246877,7123.111547983,-74.3056210654261,3539.21184966418,65.5643559187023,-107.899644752164,30.0041035188717,-56.1136341888833,3539.21184966418,1.3921942274178,-19.7550320406805,55.5642543382646,
1,64097.7065982789,75.5543528735628,7113.86202311639,-73.768866035601,3517.77167305599,65.3998521336301,-108.228842338464,30.0025841652563,-56.4034033819296,3517.77167305599,2.43521114756686,-19.8099313010703,55.5988047578921,
1,64101.0665982783,75.3075894640014,7104.33077643857,-73.1000150150727,3496.36501669322,65.2356855151125,-108.55117788542,30.0083340642366,-56.7075703555449,3496.36501669322,0.119980343873067,-19.8625709097213,55.5994508975259,
1,64104.4665982778,75.0604096384151,7094.34716638802,-72.2839266555421,3472.61989817948,65.06893824295,-108.87240692568,30.0109406710134,-56.9780882761934,3472.61989817948,2.89009867598816,-19.9183260652022,55.6411272431707,
1,64107.8465982772,74.8176776480619,7084.08418737805,-71.3320186617918,3451.28601366289,64.9025667400695,-109.186859984822,29.9986085358811,-57.2702484295348,3451.28601366289,0.808901252589294,-19.9659933749549,55.6515227547142,
1,64111.2665982767,74.5755689642271,7073.35359820949,-70.2377533940486,3427.62323592926,64.7336316162007,-109.500118950037,30.0016482749521,-57.5625556477542,3427.62323592926,2.86852570651126,-20.016012329393,55.6925802066639,
1,64114.6465982761,74.3402094662571,7062.39044781083,-69.0140240689536,3406.36479121446,64.5661037890451,-109.804897326484,30.0132144688485,-57.8135469933637,3406.36479121446,1.28921282701322,-20.0583048568201,55.7099241358493,
1,64118.0265982756,74.1092069907747,7051.06977032589,-67.6624601025505,3385.14305066572,64.3980298877082,-110.104927285275,30.0118341066924,-58.1022500455752,3385.14305066572,1.03191204313498,-20.0979064460345,55.7242567177148,
1,64121.4465982751,73.8803249949161,7039.26763471245,-66.1758419812107,3361.60712697143,64.2274303326653,-110.403715283542,29.9613030293192,-58.3544548434758,3361.60712697143,3.21423828767638,-20.1387686832968,55.7702076494886,
1,64124.8265982745,73.6593371773586,7027.23141946995,-64.571328114511,3340.46481841868,64.0583145165559,-110.694313403406,30.0242558276699,-58.5841474634348,3340.46481841868,2.26979650922385,-20.1726476652978,55.8015656696509,
1,64128.246598274,73.4414442977356,7014.71651013851,-62.8431674697249,3317.01865454004,63.8866992221132,-110.983638361719,30.0161405215001,-58.8702241659101,3317.01865454004,1.91206484066288,-20.2070096780666,55.8281776775655,
1,64131.6265982734,73.2321185768107,7001.95907566817,-61.0101354906509,3295.95850617762,63.7166176153252,-111.264961415866,29.9879761024557,-59.0718337618491,3295.95850617762,0.712395555649437,-20.2348761168077,55.8376156486994,
1,64135.0465982729,73.0267845748942,6988.72819764241,-59.0602680222894,3272.60506616673,63.5430527329282,-111.546605781956,30.0243976118241,-59.3116426898922,3272.60506616673,4.06718957727617,-20.2626411612693,55.8960191490119,
1,64138.4265982723,72.83060107332,6975.27723590353,-57.0183365607532,3251.62967694474,63.3730910886199,-111.817188068279,29.9906746369729,-59.4808620449338,3251.62967694474,-0.195012956091432,-20.2845934673233,55.8913974576263,
1,64141.8465982718,72.6392686119434,6961.34488433086,-54.8651526264237,3228.37183371778,63.1986583416743,-112.089634957031,29.9964708932523,-59.6811777888869,3228.37183371778,4.56884683999124,-20.3057987362445,55.9574507255778,
1,64145.2265982712,72.4575655308068,6947.2386115978,-52.6472498114435,3207.48371277718,63.0278861742145,-112.35131416472,30.0051908593856,-59.8765790057207,3207.48371277718,0.83189277397787,-20.321947063196,55.9674388128454,
1,64148.6065982707,72.2834869061969,6932.80640622806,-50.3521968640791,3186.63778937247,62.8557211189017,-112.610171942374,30.0046714621294,-60.0288756073618,3186.63778937247,0.584819179579881,-20.335333057049,55.9755166333147,
1,64152.0465982702,72.1144185104752,6917.79953275997,-47.9369494210201,3163.52578451006,62.6801311704986,-112.869157318902,30.0025417052048,-60.1462961981819,3163.52578451006,1.85510935374714,-20.3471343237307,56.0020453090805,
1,64155.6465982696,71.9465264826957,6901.76402618324,-45.332625000827,3140.46723484886,62.4959968579338,-113.135410343721,29.9997556123056,-60.2767138591069,3140.46723484886,28.9311649404863,-20.3558376008191,55.4163179989964,
1,64159.206598269,71.7899590189885,6885.61224017659,-42.5766284659316,3117.46280768008,62.3135502512257,-113.393950859609,29.9848385437881,-59.7931960038508,3117.46280768008,24.124669406111,-20.3622681123216,55.7520381618891,
1,64162.7265982684,71.6450293574696,6869.35492877153,-39.8091734242579,3094.51320458429,62.1328252218618,-113.644994920417,29.9970367411679,-60.3744345339138,3094.51320458429,11.0556544745109,-20.3659212673564,55.9011841284401,
1,64166.1865982679,71.5119043891206,6853.09455449713,-37.1554422962903,3073.90588766679,61.9548809850883,-113.887354625384,30.0008103370432,-60.6243547966432,3073.90588766679,8.40102149923678,-20.3663150132563,56.0176607295827,
1,64169.6265982673,71.3886504606884,6836.68585559256,-34.4993953766881,3051.06196223154,61.7776892469884,-114.12403142046,29.9994098769449,-60.6033832530737,3051.06196223154,2.62624703736128,-20.3643464229246,56.0519101178458,
1,64172.9865982668,71.2771450733924,6820.47273225171,-31.8684447768166,3030.55063123813,61.6033378948069,-114.352472388182,30.0026458965993,-60.557252983284,3030.55063123813,-0.247008111108244,-20.3609770552305,56.0471768910585,
1,64176.4265982663,71.1722063362179,6803.63840041941,-29.1494198060389,3007.81431621377,61.4266888926966,-114.579523519108,29.9716647134719,-60.5996062614908,3007.81431621377,2.485176714305,-20.3551923818996,56.0831676917368,
1,64179.7865982657,71.0784845521795,6787.09401286021,-26.7979770835633,2987.40060484863,61.2529259172012,-114.798632823298,29.9953229651671,-63.3431069984321,2987.40060484863,0.123881312699268,-20.3474807729582,56.083854117954,
1,64183.1665982652,70.9898046991676,6770.25531612304,-25.749867576328,2967.03303795413,61.0779239511063,-115.015112245459,29.992804927475,-65.4059399948495,2967.03303795413,-4.2195045426356,-20.3319943891009,56.0228535162553,
1,64186.6065982646,70.9025715871267,6752.97433011955,-24.9561890609019,2944.45640817454,60.8996159890819,-115.231414492645,30.0009517857911,-65.5893783590686,2944.45640817454,-3.64260380005771,-20.3118689498538,55.972110089696,
1,64189.9665982641,70.8200017791893,6735.99988856163,-24.1983441820756,2924.18628452031,60.7242384538617,-115.440049379479,29.9989565048947,-65.48610824153,2924.18628452031,-9.68604913707759,-20.292830668189,55.833823399408,
1,64193.4065982635,70.7387954039443,6718.49270491481,-22.6655792071996,2901.7184560962,60.5466209230622,-115.647282385433,29.9842865712921,-60.0623307837985,2901.7184560962,-12.2905357943914,-20.2735803189008,55.660613579577,
1,64196.766598263,70.6685084508434,6701.25349341414,-19.0415794448039,2881.54772934582,60.3709481974302,-115.848370735759,30.0093097067046,-55.7862263302546,2881.54772934582,-5.71552751278614,-20.2664477998118,55.583514097482,
1,64200.2065982624,70.6111732850969,6683.54195431756,-14.3193489705483,2859.19337972648,60.1930933054924,-116.048182465672,29.9866680654814,-55.9886155069403,2859.19337972648,0.971150329987267,-20.2657815495717,55.6000429555421,
1,64203.5865982619,70.5697350231111,6666.03186078319,-10.0118804549253,2839.12661881989,60.0172323286602,-116.242104138705,29.9907053691372,-55.1449103865921,2839.12661881989,-6.76534105647988,-20.2628980076522,55.5018948265852,
1,64207.0065982614,70.5415149311209,6648.37803911219,-6.96477566099907,2816.88833981582,59.8392166156706,-116.434781911201,29.9504021249912,-63.4561233266541,2816.88833981582,4.35405979031702,-20.2541317520543,55.5677863089967,
1,64210.3865982608,70.5185676668417,6630.9280160627,-6.51764602198128,2796.92451100776,59.6632007561728,-116.621686609856,29.9852401189421,-63.5645401043459,2796.92451100776,-8.15852334030706,-20.2325401510559,55.4480790071742,
1,64213.7665982603,70.4984476945745,6613.48721651896,-5.43964316030116,2777.00834880167,59.487113232902,-116.805140885131,29.9511481458766,-62.9439676734467,2777.00834880167,-0.682983357738976,-20.2150389279558,55.4418347874959,
1,64217.1865982597,70.4813163818065,6595.89135787008,-4.75691027714333,2754.93541888187,59.3088840750785,-116.987326182159,29.9867000871932,-65.4662893376607,2754.93541888187,-4.96773405506019,-20.195105121492,55.3704072341031,
1,64220.5865982592,70.4642836961355,6578.43833564613,-5.31102931850731,2735.11985584261,59.131646096975,-117.165053670276,29.9912788070462,-66.6895759360554,2735.11985584261,-10.1140598631059,-20.1725869125327,55.2265399581628,
1,64224.0065982586,70.4452977761002,6560.91917104169,-5.50625998120731,2713.15784608366,58.9533234781404,-117.340464201481,29.9217907156492,-61.0682910213057,2713.15784608366,-10.2994348869775,-20.1499761222435,55.0822665649101,
1,64227.4065982581,70.4304726375993,6543.54316486825,-3.01693546603701,2693.4426876826,58.7760265290162,-117.511619555286,29.9914635225294,-56.70342216422,2693.4426876826,-5.11051840286927,-20.144303789812,55.0130085351309,
1,64230.8265982575,70.4243513151128,6526.12374334109,-0.814991455446602,2671.59462098335,58.5976943631643,-117.680640360878,29.9847637034583,-60.2651443947115,2671.59462098335,-4.98816860986426,-20.1393615869891,54.9432278367827,
1,64234.226598257,70.4224009737177,6508.89611074648,-0.537580659250068,2651.98234457341,58.4204119689134,-117.845565576762,29.9898944982229,-63.0763329944942,2651.98234457341,-6.32840284581971,-20.1262399362032,54.8540389171312,
1,64237.6665982565,70.4207008620938,6491.51479162595,-0.50290289972213,2630.24677714219,58.2410545256925,-118.009309239761,29.9530013173696,-63.0013749105974,2630.24677714219,-4.71294560521028,-20.1120579637958,54.7887580213927,
1,64241.0665982559,70.4188014052352,6474.40176402569,-0.636647906984592,2610.73500677164,58.0638038174421,-118.168124587397,30.0145755494948,-62.9810969198127,2610.73500677164,-16.3918378601411,-20.1002261965535,54.7653313296074,
1,64244.5065982554,70.4161666805958,6457.19863563061,-0.926357621364019,2589.111059703,57.8844995991671,-118.325805097057,30.0063909157817,-62.9784750861187,2589.111059703,-10.412052182925,-20.088384985382,54.6221549916815,
1,64247.9065982548,70.4123686136687,6440.23790934079,-1.30311538385081,2569.69961506012,57.7073209163821,-118.478739178457,29.9665319557987,-61.5105353495621,2569.69961506012,-11.2657833928843,-20.0785974435322,54.4640551493837,
1,64251.3465982543,70.4085995688112,6423.18168730444,-0.827966533743194,2548.18717804462,57.5281111311945,-118.630596295728,30.0264562709918,-59.5330350956606,2548.18717804462,-5.01924371733003,-20.0748468274441,54.3964937747731,
1,64254.7465982537,70.4065768110557,6406.40137787099,-0.489828130913565,2528.87669975915,57.3510521573597,-118.777916024751,29.9920802403999,-60.5531564715036,2528.87669975915,-4.42291203916375,-20.0731007185541,54.3348360937299,
1,64258.1865982532,70.4048774834387,6389.46097752865,-0.535799488360766,2507.47664628048,57.1709431647653,-118.925050904374,29.9710323965428,-60.7068639345413,2507.47664628048,-4.22249295121173,-20.0707559712595,54.2758085844572,
1,64261.5865982526,70.4027175960625,6372.83102414076,-0.756564342304443,2488.26690908741,56.9940383102816,-119.066947789113,30.0188072293715,-60.6534857439694,2488.26690908741,-6.85052104345914,-20.0698970580679,54.1787418656902,
1,64265.0465982521,70.3995223876583,6355.97180384264,-1.12170255807723,2466.97862111152,56.8151421861879,-119.207853465401,29.9661407931943,-60.6146458614366,2466.97862111152,-5.34795411471214,-20.0702204137889,54.1045256971521,
1,64268.4265982515,70.3949277424701,6339.56177705846,-1.61903549881526,2447.86932444859,56.6384223414438,-119.344540764735,29.9935606486603,-60.6010647067522,2447.86932444859,-6.96500227281058,-20.0716756543388,54.0063022617335,
1,64271.886598251,70.388216402635,6322.88179619004,-2.28692521749134,2426.69247976193,56.4597283882196,-119.480273014673,30.009144716261,-60.5936957453639,2426.69247976193,-4.63213359554902,-20.0747222712466,53.9424696306448,
1,64275.2665982504,70.3792140577985,6306.60869314501,-3.06851831753808,2407.68338581016,56.28322319447,-119.611939150166,29.9690417562933,-60.588489302869,2407.68338581016,-6.56090922833346,-20.0783958207422,53.8497659710217,
1,64278.7265982499,70.3665206817286,6290.05091851207,-4.46982531853125,2386.61762222682,56.1047594384366,-119.742680093792,30.0083470966893,-62.8743342691997,2386.61762222682,-2.56102485063366,-20.0813472605879,53.8156557587429,
1,64282.1065982493,70.3481345704477,6273.89576616448,-6.44453541391755,2367.70792365213,55.9284904586232,-119.869477885234,29.9824179233607,-63.2378508962322,2367.70792365213,-9.79678806362699,-20.0823369146779,53.6753084773753,
1,64285.5665982488,70.322061805211,6257.37914667055,-8.6387298200306,2346.75203750739,55.7502752374734,-119.99535356235,29.9926672113017,-63.1168891606816,2346.75203750739,-9.21064327633621,-20.083944900359,53.5466150578965,
1,64288.9465982482,70.2889557011779,6241.66647305205,-11.023974886619,2327.9410787348,55.5742642006049,-120.117423235908,28.8404083420166,-63.0269337300681,2327.9410787348,-16.7335916434945,-20.0885384061886,53.309025827078,
1,64292.4065982477,70.2459191865874,6226.55432086348,-13.8296078462854,2307.09267962332,55.3963042009942,-120.238649033632,28.4096708339492,-61.9991156281991,2307.09267962332,-2.25299721737338,-20.1016143255014,53.2837980787216,
1,64295.7865982471,70.1947311325055,6211.91865730294,-16.3955961689345,2288.37559367804,55.2215659798878,-120.355592382461,28.3662925764066,-60.0906160288372,2288.37559367804,-7.17074511313967,-20.116521970694,53.1812380524774,
1,64299.2465982466,70.1347067257967,6196.81513262087,-18.1465495444497,2267.63088504557,55.0428228579206,-120.473127025443,28.4312746482108,-56.9383946297873,2267.63088504557,-4.29446504542557,-20.138511612109,53.1223697337316,
1,64302.6265982461,70.0706742197825,6181.79771547388,-19.6896719309035,2249.00844523042,54.8673228618985,-120.586516862262,28.4892824127326,-56.7120655579282,2249.00844523042,-5.51713839904505,-20.1588385383721,53.0445903814301,
1,64306.0865982455,69.9987806887459,6166.61093629067,-21.8824705085709,2228.37048886035,54.6899123424785,-120.699138243942,27.2645537620996,-56.7206307041831,2228.37048886035,-4.92150377264306,-20.1823251329993,52.9759490530141,
1,64309.466598245,69.9194002103983,6151.79624068117,-24.9593544743145,2209.84356587489,54.5147123328378,-120.808421650262,27.4307440479382,-56.8531759005981,2209.84356587489,-15.6300180308926,-20.2037644991565,52.7524044560552,
1,64312.9265982444,69.8264028155776,6135.17095260505,-28.4972708463573,2189.31283022569,54.3376270021193,-120.916929264145,26.8149123239059,-50.5630564684638,2189.31283022569,-1.86345570788262,-20.2241346318841,52.7323189376239,
1,64316.3065982439,69.7257979109287,6116.82075911454,-30.8364017534117,2170.89041935416,54.1628391844924,-121.022147041706,26.8004283595959,-43.414696217984,2170.89041935416,-11.3684020604105,-20.2500020263037,52.5689679500925,
1,64319.7665982433,69.6196473108521,6098.67846074924,-30.3421767679383,2150.48686396826,53.9862737829935,-121.126623891857,26.9201074221223,-36.419811588728,2150.48686396826,-1.03702613210726,-20.2970239492188,52.5589545446776,
1,64323.1465982428,69.5214590495769,6083.75146351212,-28.0014958229624,2132.18072136877,53.8120160878271,-121.228084076729,26.3468462900179,-35.9473663933178,2132.18072136877,2.75837058970819,-20.361388260793,52.599246172664,
1,64326.6665982422,69.4282877975432,6069.11805000591,-25.4198559855234,2111.89812177186,53.6328500516805,-121.330799260694,26.446868221901,-43.7312646733022,2111.89812177186,-41.6591568960002,-20.4376626715886,54.3977357202448,
1,64330.1465982416,69.3442131430153,6055.05920604621,-22.9310954701974,2091.67406878182,53.4549117562375,-121.431215914188,26.2711960867733,-44.6669203759984,2091.67406878182,-26.8084279691402,-20.5161301743481,54.0287823267894,
1,64333.5865982411,69.2674281091327,6041.15568640385,-21.8137772328349,2073.52200250159,53.2792167445037,-121.528808937396,26.2908017227127,-49.3510801067387,2073.52200250159,-24.707476474,-20.5768989821238,53.6837991261075,
1,64337.0665982405,69.1902270742711,6026.99799423563,-22.8309599930057,2053.40635170801,53.1016682350834,-121.625782124595,26.2585948717648,-56.9391858896662,2053.40635170801,-19.8122157780888,-20.6266923915673,53.4085260740843,
1,64340.46659824,69.1081282404205,6013.11754727689,-25.5533736991817,2035.34864589224,52.9283754162126,-121.718763556843,26.2495626209427,-58.5162924743595,2035.34864589224,-15.8983588241897,-20.6591902632038,53.1876757521432,
1,64343.9265982394,69.0158050126974,5998.82703473353,-27.7962835993536,2015.33579744598,52.7522045009114,-121.811595870363,26.3357790786982,-57.5687948522005,2015.33579744598,-7.74730037849167,-20.6974388419909,53.0827677874462,
1,64347.3065982389,68.9184282547366,5984.72880041374,-29.8209903393375,1997.37106024908,52.5802921182114,-121.900562036505,26.339698380421,-57.476145665305,1997.37106024908,-9.74560036944354,-20.7324825441284,52.9454477793367,
1,64350.7665982383,68.811762914842,5970.16698757305,-31.8315966723939,1977.46263720582,52.4045072584592,-121.989888319784,26.3377942094044,-57.5179071721218,1977.46263720582,-7.27311251250012,-20.7710108898998,52.8447023238669,
1,64354.1465982378,68.7009080543108,5955.84184655798,-33.7633756323652,1959.59249592196,52.2329851739445,-122.075456353109,26.2795638818242,-57.5537153840866,1959.59249592196,-6.89172845676353,-20.805245039649,52.7483863831439,
1,64357.6065982373,68.5807845583139,5940.97069673619,-35.6561963182619,1939.78976970144,52.0576128909259,-122.161328498837,26.3516984616566,-57.5706974434285,1939.78976970144,-4.40460925435673,-20.8421310711012,52.6878063532353,
1,64360.9865982367,68.4572317717057,5926.31434948892,-37.4413113510655,1922.01541979349,51.8865080083249,-122.243541176114,26.343878883946,-57.5764428122365,1922.01541979349,-3.9601627383197,-20.8744862410585,52.6325601542442,
1,64364.4265982362,68.3254785141619,5911.17864798546,-39.1615050575543,1902.31997025539,51.7115784508017,-122.325994442678,26.2907920497722,-57.579090867295,1902.31997025539,-5.35532600280885,-20.9089362287366,52.5569772341301,
1,64367.8265982356,68.1893949260181,5896.46439257591,-40.992565763014,1884.64279997085,51.5409195007947,-122.404886947198,24.9570103266345,-57.5777946257189,1884.64279997085,-4.96719518209466,-20.9413579915642,52.4876077357664,
1,64371.2665982351,68.0438448727084,5883.07116667105,-43.6396100844763,1865.05334988795,51.3664313038775,-122.484029608246,24.8720991326197,-57.5784009719346,1865.05334988795,-6.28545633039585,-20.9903192845185,52.3990365239657,
1,64374.6665982345,67.8924629504401,5868.11568276229,-45.3521601247917,1847.46939559985,51.1961892369988,-122.559770239492,25.5491850233494,-57.5794454502692,1847.46939559985,-5.57906192169526,-21.0228688393668,52.321241301654,
1,64378.126598234,67.7325306181582,5852.9778403207,-47.0756994915406,1827.98577228807,51.0221591736977,-122.635657345547,25.3922839164642,-57.5800058990396,1827.98577228807,-6.21266698944009,-21.0585823498038,52.2339876825223,
1,64381.6865982334,67.5619203070793,5837.26387071564,-48.7652384588514,1808.55897669905,50.8423537216385,-122.712438618604,25.2892868162206,-57.5794635767836,1808.55897669905,14.9679447004494,-21.093249757694,52.4524134663006,
1,64385.2465982328,67.3856386891305,5821.24905627873,-50.2460399597284,1789.18936968482,50.6648256345654,-122.786628772072,25.3234781001227,-57.5791245001622,1789.18936968482,-12.3793138590199,-21.1252954914572,52.267515250849,
1,64388.7465982323,67.2075295319241,5805.22563684308,-51.5002345723795,1771.80618209214,50.4895768188604,-122.858283457767,25.7000781753214,-57.5800949887146,1771.80618209214,-12.1013515518005,-21.1517282955361,52.0982154558269,
1,64392.2865982317,67.0249522580244,5786.52018519143,-51.4074408159529,1752.54839904815,50.3126313869662,-122.928994822945,28.3650110627785,-57.5839486423687,1752.54839904815,-10.4750475049611,-21.1626257085713,51.9522539026418,
1,64395.8465982311,66.8451956133125,5763.52335641466,-49.3172594324348,1733.35819624513,50.135087872671,-122.998157331001,31.0941459399893,-57.5870378886825,1733.35819624513,-10.1776511583853,-21.1418837490082,51.8098920938738,
1,64399.3465982306,66.6774941522628,5739.49629961262,-46.5987376043512,1714.24418555052,49.9610191824524,-123.064112705029,29.8577541236905,-57.5878707537892,1714.24418555052,-4.37873358328488,-21.106218411466,51.7510750740976,
1,64402.86659823,66.5173052601721,5716.77572990152,-44.4334490673738,1695.20467686381,49.7864256587248,-123.128445122507,29.3477753883436,-57.5857966937849,1695.20467686381,-4.87923198434214,-21.0772434922534,51.6825525457481,
1,64406.3465982295,66.3664614121262,5694.09286710147,-42.248473510602,1678.13155127823,49.6142741286105,-123.190113812764,29.452795279272,-57.5798123663688,1678.13155127823,-7.39897854806486,-21.0490019032401,51.5778807484183,
1,64409.8465982289,66.2230222383868,5670.23771315389,-39.6343931685182,1659.23184131491,49.4416128288416,-123.250194074901,30.1606054699419,-57.5815703732332,1659.23184131491,-6.96087062774131,-21.0094656018773,51.4806163201672,
1,64413.5065982283,66.0836694868766,5644.28076415155,-36.4941496845892,1640.40908307836,49.2616125777849,-123.310902858586,30.4028650101071,-57.5835849374774,1640.40908307836,11.1076584006316,-20.9606836590133,55.1629123524577,
1,64417.1265982277,65.9572905091112,5618.39264965974,-33.3718017364616,1621.66483282067,49.0841616157268,-123.368813634391,29.9597860149755,-58.1252252808727,1621.66483282067,15.4564958650237,-20.9085883064104,55.3811052990425,
1,64420.7065982272,65.8418358086692,5593.2116032227,-31.182978698735,1602.99828945122,48.9092406712414,-123.424324404604,29.7587208480797,-58.8903287713556,1602.99828945122,26.6714114838805,-20.853491622015,55.7591779413255,
1,64424.3065982266,65.733210137872,5567.87029869299,-29.1726615935593,1584.4085677256,48.7339154596043,-123.477488624124,29.7531048103977,-58.8911751433544,1584.4085677256,33.0016230493043,-20.7963159261952,56.2238529872978,
1,64427.846598226,65.6334486301821,5542.76092476148,-27.1930052634166,1565.89587489081,48.5620836025575,-123.528078199537,29.7892769788272,-58.8309807620211,1565.89587489081,36.371090082308,-20.7366688999706,56.7344759887185,
1,64431.3465982254,65.5416821752573,5517.79384939892,-25.2574511420404,1547.46065399143,48.3927627006621,-123.576176053779,29.8357847569926,-58.8114791640602,1547.46065399143,37.0540860168396,-20.6748349765812,57.2535259054977,
1,64434.6865982249,65.4603750797771,5493.81964975515,-23.4533137740264,1530.9355281557,48.2317209402092,-123.620310319771,29.8050395322529,-58.7982810027665,1530.9355281557,29.0695037949597,-20.6173908555804,57.6569130684071,
1,64438.0065982244,65.3853450830253,5469.98508620494,-21.7629267635224,1514.47359645897,48.0721728936986,-123.662490655624,29.8092351003139,-58.7926595754703,1514.47359645897,107.067615859851,-20.5590843019509,59.1910998013234,
1,64441.2865982239,65.3165835514041,5446.38358194743,-20.1825700750527,1498.07495918501,47.9150728294471,-123.702526632989,29.8592598211224,-58.7903038810633,1498.07495918501,74.1778313401644,-20.4997520078117,60.2146395380289,
1,64444.6465982233,65.2513642268218,5422.16414848935,-18.6694961292518,1479.92868192051,47.7546912421159,-123.741870704879,29.8073861518101,-58.7879165171126,1479.92868192051,57.2319143823447,-20.4327518982744,61.008275897633,
1,64447.9665982228,65.1916659687282,5398.27577493034,-17.3181405599518,1463.66402460294,47.5967717267101,-123.779109295473,29.8108559689307,-58.7808229302691,1463.66402460294,38.3685545162839,-20.3722833872724,61.5369640920575,
1,64451.3465982222,65.1352705195649,5373.962942812,-16.0443295952864,1447.46284612985,47.4365690826605,-123.815370997025,29.8353034033008,-59.9250633413036,1447.46284612985,32.0900188010228,-20.311637685124,61.9834214375413,
1,64454.8065982217,65.0784521160079,5349.1465157012,-17.3047771242289,1429.5354944168,47.2731753395403,-123.850767894929,29.790983546657,-65.2264639521175,1429.5354944168,28.303271132246,-20.2298131470758,62.3780255797789,
1,64458.3065982211,65.012933579877,5324.08859665842,-20.0438299317366,1411.68404218585,47.1085102204861,-123.884763755352,29.7924620306905,-64.8549142631173,1411.68404218585,18.7075825456777,-20.1381288104142,62.635819297452,
1,64461.7465982206,64.9396592385545,5299.46522400322,-22.5719866260257,1395.68251730051,46.9472799822045,-123.916425129499,29.8068443025127,-64.7504352146912,1395.68251730051,48.5732202270842,-20.0561606428733,63.32879191142,
1,64465.28659822,64.8550749845905,5274.09365510495,-25.2308382142836,1377.97510366009,46.7820045519872,-123.947216600078,29.8153206374111,-64.7533576359774,1377.97510366009,39.6596754202599,-19.9636702072008,63.880228981732,
1,64468.8665982194,64.759827134748,5248.3836218669,-27.9931713957335,1360.34360272585,46.6155325360753,-123.976528886279,29.8199020860024,-64.768525694663,1360.34360272585,30.6809842322241,-19.8691363749052,64.306000739535,
1,64472.4465982189,64.6545779382233,5222.59646455878,-30.8142889640852,1342.78810440097,46.4497448506972,-124.004021386861,29.820899299939,-64.776646636739,1342.78810440097,23.1714709405983,-19.7720476139037,64.6272548885863,
1,64476.0665982183,64.5378506922601,5196.34928118769,-33.6399753380396,1325.30873170845,46.2828113961442,-124.029985697595,29.9287804025145,-63.6313390878644,1325.30873170845,16.3734989206018,-19.671364066844,64.8536670342394,
1,64479.7265982177,64.4116328373784,5169.56934111488,-35.3202964599211,1307.90628808611,46.1147723226899,-124.054383237605,29.9423058525627,-62.749795072324,1307.90628808611,16.7712244656602,-19.5727192080925,65.0886271790313,
1,64483.4865982171,64.2751512010871,5141.82396114971,-37.4320671676439,1288.85327219937,45.9429317918833,-124.077528031125,29.9679052639056,-63.9890080533046,1288.85327219937,9.10477166172495,-19.4571049287665,65.2130026706804,
1,64487.2665982165,64.129115724152,5113.70342421426,-39.8194219556389,1271.61396653249,45.7709992663402,-124.098832156294,29.9861865927988,-63.9256401619737,1271.61396653249,8.39899848061941,-19.3454689097006,65.3303115133432,
1,64491.1065982159,63.9717241569562,5084.82640240643,-42.1375496323815,1252.74100600152,45.5971993613747,-124.118466650372,30.0068147694035,-63.8747448333424,1252.74100600152,9.32747547379358,-19.2166397682852,65.4612588563018,
1,64494.8665982153,63.8089729400612,5056.38813769563,-44.4529418082798,1235.66631246306,45.4278795169548,-124.135738549198,30.0054202293527,-64.0565120742336,1235.66631246306,17.2953069481703,-19.0939840810553,65.70657180975,
1,64498.7465982147,63.631771063677,5026.70179272947,-46.915164165709,1216.97527592413,45.2540650905016,-124.15153915607,29.948692557499,-64.2977404953393,1216.97527592413,14.8780730554145,-18.9506650077424,65.9139303348867,
1,64502.2465982141,63.4635753984721,4999.69752045711,-49.2046867046124,1200.06659062942,45.0980816520325,-124.16403164713,29.9621126886078,-64.5025380447079,1200.06659062942,56.7361370445508,-18.8129828664487,55.8122450889076,
1,64505.5665982136,63.299029782285,4972.76383380596,-48.8352447303619,1184.917602032,44.9508518935365,-124.174338293033,31.2210488194992,-55.9966283869771,1184.917602032,111.141201355526,-18.6866843590454,57.3926553200046,
1,64508.866598213,63.1452151571289,4945.90646532492,-44.4887652793695,1169.83926474984,44.8052638886012,-124.183161424801,29.8813537450418,-53.8993950893694,1169.83926474984,96.1193442434746,-18.5849401095494,58.7314980225431,
1,64512.1465982125,63.0060548872938,4920.02503314229,-40.3623092547606,1154.83026419548,44.6612811631111,-124.190612708811,29.831088957074,-53.8481148752228,1154.83026419548,73.0765973711161,-18.4898762983886,59.7439678948448,
1,64515.406598212,62.8811149876472,4894.03551286215,-36.3019344939596,1139.89031845873,44.518895216744,-124.196729476437,29.8901108635866,-54.0799816485505,1139.89031845873,57.5728787893866,-18.3897922291305,60.5428545850507,
1,64518.7065982115,62.7663073195461,4866.28914868795,-34.0913855555822,1125.02029103744,44.375515984427,-124.201587348087,31.3535335465112,-62.3728018010967,1125.02029103744,45.6405529987721,-18.2624372965956,61.1763985425824,
1,64522.0465982109,62.6512488692645,4837.40211857271,-34.8440266575304,1108.58194913543,44.231225844744,-124.205002808193,31.1349996369358,-63.2440790686203,1108.58194913543,43.4060449318461,-18.0804244335123,61.7830796500411,
1,64525.3665982104,62.5349339183811,4808.52404860839,-35.0066338718899,1093.86273787354,44.0886350506558,-124.206894251223,31.1621994433298,-61.5143517155932,1093.86273787354,34.5984221631381,-17.9144387357896,62.2635020411169,
1,64528.7465982099,62.4166187377786,4779.69464250802,-35.1910867080932,1079.21527245649,43.9443307522285,-124.207312217169,30.5264134270261,-62.2197920865523,1079.21527245649,29.5377533430619,-17.7504015656789,62.6747713607676,
1,64532.1865982093,62.2941203728709,4751.04095871148,-36.1379489854836,1063.02213106116,43.798343294642,-124.206207613083,30.1269325979151,-62.6725646231131,1063.02213106116,59.5848861202451,-17.567048431841,63.522061713885,
1,64535.5665982088,62.170237953716,4722.04276688052,-37.1136367964198,1048.52115528374,43.6557687561974,-124.203632091001,31.2417692052556,-63.1004075177829,1048.52115528374,37.3234352694767,-17.3907366198146,64.0347685793396,
1,64539.0465982082,62.039001113371,4691.84444861946,-38.4653405945724,1032.49292084907,43.5090829363076,-124.199385561722,30.5977423752549,-63.5945861932811,1032.49292084907,36.6282637928325,-17.1847238206635,64.5472646295614,
1,64542.6065982076,61.8990464530783,4661.39716476922,-40.2127319710935,1016.55158748105,43.3616989465334,-124.193477691349,30.7299664901857,-63.9423513110802,1016.55158748105,32.3310698838767,-16.9723520397663,64.9980787630587,
1,64546.1865982071,61.7514203325165,4630.86511054048,-42.3334398946468,1000.69716902167,43.2136626187731,-124.185863106506,30.3604046446911,-64.195241223178,1000.69716902167,34.369591569072,-16.7547719094738,65.4801071742235,
1,64549.7665982065,61.5957328530671,4600.20843595796,-44.6682630477403,984.928785144957,43.0666467322466,-124.176618801034,30.56030511409,-64.493690934759,984.928785144957,23.457915731625,-16.5286944334829,65.8039460632487,
1,64553.4065982059,61.4285176670905,4569.24269593656,-47.3249319001184,969.246924782769,42.9182318183253,-124.165487178409,29.8963591122989,-64.7304026437678,969.246924782769,15.0226771644476,-16.2958112973045,66.0108064785639,
1,64557.1465982053,61.2459224756975,4537.78296423467,-50.3340878947909,953.649919616966,42.7668495591283,-124.15246078999,29.7919912368392,-64.7938259589844,953.649919616966,12.8296136550143,-16.0584022949823,66.1895367699318,
1,64560.9065982047,61.0509062224077,4506.06022413886,-53.3858175735549,936.590962267785,42.6158026722529,-124.137554612407,29.856492015198,-64.8898707756304,936.590962267785,12.8775779889091,-15.7872768022047,66.3698419964842,
1,64564.6465982041,60.8458639712743,4473.77653933269,-56.2572044989083,921.172581906,42.4667251702998,-124.120990720876,29.9936689935454,-65.0764954859562,921.172581906,19.4453615602766,-15.5242109040866,66.6447111961245,
1,64568.3865982035,60.6262714549545,4440.80563628978,-59.3676212259156,904.312578897863,42.3164793574912,-124.102380002779,29.8782721547716,-65.4649505035104,904.312578897863,15.0728643295264,-15.2210457084782,66.8539869494381,
1,64572.2265982029,60.3959792511351,4407.48456558155,-62.4553302474817,889.076804377836,42.1682703079294,-124.082085799892,29.9716921588726,-65.6231262539879,889.076804377836,14.0593458575861,-14.9289977256139,67.0504198129866,
1,64576.1065982023,60.1474353400003,4373.06567156482,-65.6685014967945,872.419414735842,42.0174656232142,-124.059401728429,29.8948978771086,-65.8498003028824,872.419414735842,15.7129466425802,-14.5918509226912,67.2710403446368,
1,64580.0265982017,59.8840579208788,4337.33272275185,-68.7077230417306,855.870101003456,41.8665052826967,-124.034568464913,29.9550692506962,-66.0827210437822,855.870101003456,11.5011741156173,-14.2289329884862,67.4304451346046,
1,64583.946598201,59.6085247587068,4301.45634864174,-71.8730429603066,839.43068151609,41.7169917117365,-124.007799646092,29.9191047360958,-66.3592650877571,839.43068151609,9.77451461413773,-13.8476008208233,67.5666276276585,
1,64587.9065982004,59.3180638143262,4264.20002807911,-74.7897447894771,823.102697874362,41.5674618295856,-123.978781980199,29.98063142849,-66.4637162781986,823.102697874362,7.37289254037478,-13.4374675855711,67.6689384178926,
1,64591.1465981999,59.0718918220997,4233.58933087553,-77.2050631186857,809.827966494062,41.4462813850235,-123.953554817143,29.7551938801591,-66.7097675075728,809.827966494062,83.6315600912667,-13.0866143162894,56.2059301852485,
1,64594.3665981994,58.819724564312,4202.44591338107,-79.3468554886513,796.629927248381,41.3261671934691,-123.926988833564,30.0648765367274,-66.6912426806121,796.629927248381,69.8000157009341,-12.7137727276074,57.1765647985461,
1,64597.5465981988,58.5667933424823,4170.23687415972,-78.4698023451737,784.965202347378,41.2100904068877,-123.899781007285,30.8007767978808,-58.4228318900287,783.511776609371,56.2222387200349,-12.331425331547,57.957351089237,
1,64600.7665981983,58.3239142393069,4135.69519087528,-72.4411131279664,771.923583003778,41.0929506529808,-123.870808405592,31.5308317168972,-58.4393039906595,771.923583003778,54.938519148407,-11.993910776123,58.7258923513029,
1,64603.9865981978,58.0988307495173,4100.16843584302,-67.7118458949136,758.972759918119,40.9763049666687,-123.840377049445,31.7655676384495,-61.0975919909005,758.972759918119,47.5986105311114,-11.5786216400907,59.3888747928966,
1,64607.3665981973,57.8768741419418,4062.26745994113,-63.7494922118729,744.69193541229,40.8566813535534,-123.807420854857,31.3329680164228,-61.5234050130308,744.69193541229,46.8840629434243,-11.0814903996686,60.0449326796457,
1,64610.6865981967,57.671235644795,4025.28505709438,-60.1689825384781,731.937619794614,40.7398363350598,-123.773468413097,31.3755990940408,-61.7183061140881,731.937619794614,44.1332573588106,-10.6190387680103,60.6615554488204,
1,64614.0265981962,57.4760517425593,3987.5767323625,-56.7613306000473,719.277497522128,40.6236669233347,-123.737930385069,31.5873223457402,-62.0927157307649,719.277497522128,38.7056216152317,-10.1362073101967,61.201011099762,
1,64617.3465981957,57.2924884139039,3950.38664900158,-53.9401608444089,706.71311760671,40.5095888099018,-123.701242644198,31.2522021854787,-62.5119101259511,705.322953515732,53.0019332426705,-9.58049289864869,61.9495364886275,
1,64620.7065981951,57.1153688355777,3912.73359526319,-51.6324713944417,692.864912017013,40.3955597487428,-123.662749136877,31.1039092382814,-63.0491021184142,692.864912017013,46.1096733221455,-9.06189549483175,62.5919950133868,
1,64624.0665981946,56.9452610585745,3874.72445981441,-49.7015872852906,680.503515125119,40.2829805191433,-123.622898876507,31.4083436182438,-63.4655385692704,680.503515125119,43.810772772077,-8.52152609048973,63.2043195373073,
1,64627.4265981941,56.7810132995592,3836.11668866514,-48.1463402684589,668.241016015939,40.1718849569413,-123.58170157094,31.5637231816823,-63.929497260939,668.241016015939,34.7321439738943,-7.9571261089938,63.6865165936562,
1,64630.8865981935,56.6159561607754,3797.32563941883,-47.4035991889813,654.733639069833,40.0584023527417,-123.537636045941,31.0533205133631,-64.2867436904215,654.733639069833,33.7801939316096,-7.31622985842664,64.1590289854046,
1,64634.4065981929,56.44961517209,3758.51192328577,-47.2226748065231,641.34822193143,39.9458718341053,-123.491923354165,30.7793511029994,-64.4781848455267,641.34822193143,41.2061230332058,-6.66059213138366,64.7390972489136,
1,64637.9265981924,56.2832825259585,3719.22287111877,-47.3265336260905,628.085046510325,39.8343250160327,-123.444571235676,31.3016565587429,-64.878754450653,628.085046510325,38.9627783257997,-5.97766715788742,65.283609186549,
1,64641.4265981918,56.1169567011539,3679.76044218237,-47.8381022417819,616.256367635075,39.725074620236,-123.39613422677,31.3569102726375,-65.3481348194595,616.256367635075,30.8814621355368,-5.33695784251641,65.7125253699247,
1,64644.9665981913,55.9457340078093,3640.2985390956,-49.0448065687878,603.235166383951,39.6162768241956,-123.345796844934,30.9594186240279,-65.6931839695541,603.235166383951,26.3091752631844,-4.60430478948848,66.0789272982414,
1,64648.5465981907,55.767003867398,3601.40956465056,-50.9516468154128,590.341620124209,39.5079778273093,-123.293553116935,30.3295403556893,-65.8765498214316,590.341620124209,21.6482399023851,-3.85673459667414,66.380049750997,
1,64652.1665981901,55.5781923098015,3563.15774733535,-53.4730089962552,577.573881998878,39.4002083445675,-123.239404064711,29.8636584634676,-66.0147846912773,577.573881998878,20.402983249384,-3.09524577542714,66.6651726595496,
1,64655.8265981895,55.3771642491696,3525.02690063862,-56.4050176723713,564.930887438969,39.293008085896,-123.183346745338,29.9442941262183,-66.1687610090608,564.930887438969,17.0764840788505,-2.31284302158869,66.9028801173211,
1,64659.5465981889,55.1615832504751,3486.15513294926,-59.5570538956115,551.170168207634,39.1858816186209,-123.125050949174,29.8652972532124,-66.34117935325,551.170168207634,25.6226626285098,-1.41663063325992,67.2650434338585,
1,64663.2065981883,54.9378148037186,3447.38208910779,-62.7506805009079,538.79686714647,39.0823091803488,-123.066423458799,30.2875875770279,-66.699200635294,538.79686714647,22.8030729028361,-0.562127423607348,67.5831371652077,
1,64666.8865981877,54.70099497227,3407.36334588396,-66.0369407342583,526.559666082759,38.9800555564686,-123.006220089859,30.3862265546592,-67.0311039206164,526.559666082759,19.7147672193288,0.338480835896358,67.8578850860267,
